feature,mean_stability,std_stability,median_stability,min_stability,max_stability,count
CashFlowYield,0.7116049913440325,0.2957453250629664,0.9224485155700561,0.19391881929126922,0.9877168808082508,15
EarnGrowth_YoY,0.7276376557986475,0.26930257984310624,0.7585855378038986,0.26013451772620866,0.98938612919948,12
LogMktCap,0.8677089208691867,0.26097709429441884,0.9944502705915147,0.2567737922177136,0.99795720499264,15
MaxRet_1M,0.37201033223449986,0.1025088346707118,0.39285863451908043,0.0755181514622961,0.5831381252662526,70
Mom_12_1,0.8983451739627203,0.05888484485558175,0.9120130238337825,0.5139252088182705,0.958936994638002,70
Mom_6_1,0.7792194031756249,0.08539297681157995,0.7955456871433773,0.37573141878841276,0.91874898970138,70
Trend_MA,0.8638180030316364,0.05032776116582654,0.8716531942458537,0.6312708754855316,0.942651633990956,70
VolRatio,-0.14171649285796842,0.18018772545973827,-0.1343481091212873,-0.5418349231421792,0.32352734208730094,70
Vol_12,0.9539552689171001,0.033294025874842544,0.9649225358526405,0.8179290039007204,0.9965322546795545,70
