feature,mean_ic,std_ic,median_ic,ic_ir
CashFlowYield,0.008358105522825503,0.09121521703220661,0.011461269870936324,0.09163060501050384
EarnGrowth_YoY,0.009216883735004127,0.07196517034260858,0.012841118425563349,0.12807422939631488
LogMktCap,0.01669299031581508,0.08452298038319271,0.014576966279444855,0.19749647066556192
MaxRet_1M,0.007718992875751601,0.18778343505876766,0.014640011107659757,0.04110582423490076
Mom_12_1,0.0061933417202866825,0.18319564053739593,0.027078074324617507,0.033807254922217575
Mom_6_1,0.00881279010513624,0.18178046425253927,0.020165916355610953,0.04848040267348549
Trend_MA,-0.004675416655260125,0.20476133200893698,0.0033544718145616425,-0.022833494045917096
VolRatio,0.015479864063723293,0.10443885992845071,0.005412891895399972,0.14821938954837582
Vol_12,0.020101494241198645,0.21330727136957658,-0.007848566063529497,0.0942372667942049
