date,ic,rolling_3m_mean,rolling_3m_std,rolling_3m_ir,rolling_3m_win_rate,rolling_6m_mean,rolling_6m_std,rolling_6m_ir,rolling_6m_win_rate
2022-06-30,-0.28957654197249183,,,,,,,,
2022-07-31,0.11867303929719626,,,,,,,,
2022-08-31,0.15273135139644056,-0.00605738375961834,0.24612461673116867,-0.02461104395028702,0.6666666666666666,,,,
2022-09-30,0.00031337009096324805,0.09057258692820003,0.08000023014851824,1.1321540795577023,1.0,,,,
2022-10-31,-0.024248486777026287,0.04293207823679251,0.09587873326755611,0.44777477521514214,0.6666666666666666,,,,
2022-11-30,-0.15615579452015962,-0.060030303735407554,0.08414810566589129,-0.7133886527850897,0.3333333333333333,-0.03304384374751295,0.16714429420863564,-0.19769651069432506,0.5
2022-12-31,0.05506451633467326,-0.04177992165417088,0.10669591527346181,-0.39157939221092836,0.3333333333333333,0.02439633263701457,0.11121500808055097,0.2193618744274582,0.6666666666666666
2023-01-31,-0.04904978727892831,-0.050047021821471555,0.10561368655128323,-0.4738687139490206,0.3333333333333333,-0.003557471792339528,0.10359694409716412,-0.034339543732129364,0.5
2023-02-28,0.02418384202907877,0.010066190361607908,0.05347362079277359,0.18824590914868908,0.6666666666666666,-0.024982056686899828,0.07382539040565117,-0.33839383103333387,0.5
2023-03-31,-0.0854057522590626,-0.036757232502970714,0.05581935122562614,-0.6585033988373519,0.3333333333333333,-0.0392685770785708,0.0762069258322988,-0.5152888225013217,0.3333333333333333
2023-04-30,-0.012903027319714495,-0.024708312516566105,0.05574041050256201,-0.4432746779902246,0.3333333333333333,-0.03737766716901884,0.07679266056564439,-0.486734889684769,0.3333333333333333
2023-05-31,0.18262455609859005,0.02810525883993765,0.13864097951142923,0.20271970768657704,0.3333333333333333,0.019085724600772777,0.09449826519942528,0.20196904737346283,0.5
2023-06-30,0.1421152561442987,0.10394559497439142,0.10320102346740398,1.007214768632819,0.6666666666666666,0.03359418123571035,0.10698451375981986,0.3140097576283728,0.5
2023-07-31,-0.15204194648570724,0.05756595525239384,0.18265227947929852,0.3151669139662627,0.6666666666666666,0.016428821367913866,0.12891181468688862,0.1274423248778051,0.5
2023-08-31,-0.06753894026229738,-0.02582187686790197,0.15145081709408706,-0.1704967814855725,0.3333333333333333,0.0011416909860178352,0.1331762338746579,0.00857278324218393,0.3333333333333333
2023-09-30,-0.025167891424352166,-0.08158292605745227,0.06459242691437472,-1.2630416591344455,0.0,0.011181334458469576,0.12749628535232851,0.08769929592513706,0.3333333333333333
2023-10-31,0.1777214232973524,0.028338197203567617,0.1310928587816553,0.2161688856810038,0.3333333333333333,0.04295207622798073,0.1430914242055775,0.30017226026258614,0.5
2023-11-30,0.29160015470623396,0.14805122885974473,0.16045478830755217,0.9226974802145955,0.6666666666666666,0.06111467599592137,0.16894612367357947,0.36174062279168323,0.5
2023-12-31,-0.025221511198621704,0.1480333556016549,0.16048373132286725,0.9224197018689438,0.6666666666666666,0.0332252147721013,0.16669725520981427,0.199314708153306,0.3333333333333333
2024-01-31,-0.08353081818501458,0.06094927510753256,0.20186595803911406,0.30192943723439924,0.3333333333333333,0.04464373615555008,0.153274674281357,0.29126622754128506,0.3333333333333333
2024-02-29,0.12240251749235259,0.004550062702905436,0.10614562942124556,0.04286622753771828,0.3333333333333333,0.07630064578132507,0.1448545094256072,0.5267398721923167,0.5
2024-03-31,-0.038955205513167605,-2.7835401943197835e-05,0.10834500354715952,-0.00025691449565629364,0.3333333333333333,0.07400276009985583,0.14688125138900085,0.5038271351860057,0.5
2024-04-30,-0.0906244506170669,-0.0023923795459606426,0.11112044126759096,-0.021529608042137938,0.3333333333333333,0.02927844778078595,0.14980886675125105,0.1954386840760308,0.3333333333333333
2024-05-31,-0.1202524524454133,-0.08327736952521593,0.04114359354891527,-2.0240665032384246,0.0,-0.03936365341115526,0.08659083860129686,-0.45459374279077275,0.16666666666666666
2024-06-30,-0.027803171477796134,-0.07956002484675877,0.04720734610288299,-1.6853314455205093,0.0,-0.039793930124351,0.08651288964801915,-0.45997689230187616,0.16666666666666666
2024-07-31,-0.02564959038008509,-0.05790173810109817,0.05400803794178163,-1.0720948271350608,0.0,-0.03014705882352942,0.08384649615869968,-0.35955060980090153,0.16666666666666666
2024-08-31,-0.09776379170915227,-0.05040551785567784,0.04102760113230661,-1.2285757993290698,0.0,-0.0668414436904469,0.04092177082643416,-1.6333956801123928,0.0
2024-09-30,0.027934144369044685,-0.03182641257339756,0.06307620496578326,-0.5045708217649164,0.3333333333333333,-0.05569321871007818,0.05627082535190146,-0.9897352377859913,0.16666666666666666
2024-10-31,0.1225370064343729,0.01756911969808844,0.11051554514180678,0.1589741938615497,0.6666666666666666,-0.020166309201504876,0.08809640551809221,-0.22891182770633423,0.3333333333333333
2024-11-30,-0.05317587285960409,0.03243175931460449,0.08794273928297806,0.36878268267545183,0.6666666666666666,-0.008986879270536674,0.07632483295495655,-0.1177451547891408,0.3333333333333333
2024-12-31,0.07005994866565873,0.046473694080142514,0.09019970920947888,0.515231085415281,0.6666666666666666,0.0073236407533724705,0.08176252246800313,0.08957209895571039,0.5
2025-01-31,-0.05771685243134911,-0.013610925541764823,0.07249666555672513,-0.18774553887743892,0.3333333333333333,0.0019790970781618004,0.08531963115415768,0.02319626856550654,0.5
2025-02-28,-0.1957605217819345,-0.061139141849208295,0.13294327615900578,-0.4598889362112853,0.3333333333333333,-0.014353691267301906,0.11309195413810741,-0.1269205345039245,0.5
2025-03-31,-0.1239478218065469,-0.12580839867327684,0.06904064000030151,-1.8222368545935759,0.0,-0.03966735229656717,0.11859753307004163,-0.33447029857813587,0.3333333333333333
2025-04-30,-0.13685788122780493,-0.1521887416054288,0.03828240365203635,-3.9754228336530657,0.0,-0.08289983357359682,0.09192206976554004,-0.9018490748200547,0.16666666666666666
2025-05-31,-0.04257761682078689,-0.10112777328504624,0.051115144771946765,-1.9784307319530008,0.0,-0.08113345756712728,0.09270596676380681,-0.8751697479606293,0.16666666666666666
2025-06-30,-0.12420009844942159,-0.1012118654993378,0.05117163476761156,-1.977890015806151,0.0,-0.11351013208630734,0.055996029357708886,-2.0271103752945043,0.0
2025-07-31,-0.13257972645124996,-0.09978581390715281,0.049720598364929765,-2.006931074617484,0.0,-0.1259872777562908,0.048978486929087815,-2.5722982814617787,0.0
2025-08-31,0.047120354417917794,-0.06988649016091793,0.10141748271419554,-0.689097069761285,0.3333333333333333,-0.08550713172298209,0.07383841047469157,-1.158030504357756,0.16666666666666666
2025-09-30,0.1681604022362083,0.02756701006762537,0.15132054125992972,0.18217625867642348,0.6666666666666666,-0.036822427715856226,0.12321435225850338,-0.2988485273095692,0.3333333333333333
2025-10-31,-0.11382774867269081,0.03381766932714509,0.14146395437079806,0.23905502626134675,0.6666666666666666,-0.03298407229000388,0.11978581942324028,-0.2753587398643655,0.3333333333333333
2025-11-30,0.07560563974543791,0.04331276443631846,0.143740918530712,0.30132522373623316,0.6666666666666666,-0.01328686286229974,0.12736955820158025,-0.10431741343776517,0.5
2025-12-31,0.1426409057346788,0.034806265602475295,0.13301309849494072,0.2616754740421236,0.6666666666666666,0.031186637835050324,0.12748285483773414,0.2446339774454068,0.6666666666666666
2026-01-31,0.025135367954713262,0.08112730447827665,0.05894704774885802,1.3762742592965282,1.0,0.05747248690271086,0.1003303663067752,0.5728324237049038,0.8333333333333334
2026-02-28,0.04691114939699728,0.07156247436212977,0.06251122874445972,1.1447939162205678,1.0,0.0574376193992241,0.1003347197382128,0.5724600571874503,0.8333333333333334
2026-03-31,0.23515523364157379,0.10240058366442811,0.11548330607612249,0.8867133020674806,1.0,0.06860342463345169,0.11739782319820327,0.5843670927154094,0.8333333333333334
2026-04-30,0.23013084766069955,0.1707324102330902,0.10726178065788868,1.5917357439519022,1.0,0.12592985735568343,0.09165511499355754,1.3739534052685993,1.0
